age,educ,sex,degree,satjob,satjob2,income4,rincom91,hrs1,wrkstat,jobinc,impjob,bothft,husbft,husbhr,wifeft,wifehr,id,agecat4
43,11,1,1,2,2,3,17,35,1,3,2,0,#NULL!,#NULL!,#NULL!,#NULL!,1,3
44,16,1,3,4,2,3,18,21,1,1,2,0,#NULL!,#NULL!,#NULL!,#NULL!,2,3
43,16,2,3,1,1,3,18,45,1,2,1,0,#NULL!,#NULL!,#NULL!,#NULL!,3,3
55,12,2,1,1,1,3,15,35,1,1,2,1,1,40,1,35,4,4
31,18,1,4,1,1,4,20,50,1,2,2,0,#NULL!,#NULL!,#NULL!,#NULL!,5,2
29,18,2,4,2,2,2,16,35,1,0,1,0,#NULL!,#NULL!,#NULL!,#NULL!,6,1
23,15,2,1,2,2,3,3,60,1,1,1,0,#NULL!,#NULL!,#NULL!,#NULL!,7,1
61,12,2,1,2,2,1,8,40,1,0,1,1,1,40,1,40,8,4
36,14,2,1,3,2,1,10,37,1,0,2,0,#NULL!,#NULL!,#NULL!,#NULL!,9,2
55,15,1,1,2,2,4,22,40,1,0,1,0,1,#NULL!,0,#NULL!,10,4
55,16,2,3,3,2,4,14,38,1,3,2,1,1,40,1,38,11,4
34,16,1,3,2,2,4,21,55,1,0,2,0,1,#NULL!,0,#NULL!,12,2
32,16,1,3,2,2,2,11,32,1,0,2,0,#NULL!,#NULL!,#NULL!,#NULL!,13,2
49,16,2,3,2,2,2,15,80,1,0,1,1,1,80,1,80,14,3
45,16,2,3,2,2,4,20,50,1,4,2,0,#NULL!,#NULL!,#NULL!,#NULL!,15,3
36,18,2,3,2,2,2,9,40,1,2,2,0,#NULL!,#NULL!,#NULL!,#NULL!,16,2
29,16,1,4,2,2,3,19,50,1,3,2,0,#NULL!,#NULL!,#NULL!,#NULL!,17,1
30,14,2,2,2,2,2,16,40,1,2,4,0,#NULL!,#NULL!,#NULL!,#NULL!,18,2
40,16,2,3,3,2,2,16,60,1,3,1,0,#NULL!,#NULL!,#NULL!,#NULL!,19,3
26,11,2,0,2,2,2,11,35,1,0,2,0,#NULL!,#NULL!,#NULL!,#NULL!,20,1
63,12,2,1,3,2,1,9,40,1,2,2,0,#NULL!,#NULL!,#NULL!,#NULL!,21,4
33,14,2,1,1,1,4,17,40,1,1,1,0,#NULL!,#NULL!,#NULL!,#NULL!,22,2
34,12,1,1,2,2,2,12,40,1,1,2,1,1,40,1,40,23,2
61,16,2,3,1,1,2,13,89,1,2,1,0,0,#NULL!,1,#NULL!,24,4
45,13,2,1,1,1,4,20,40,1,3,2,0,#NULL!,#NULL!,#NULL!,#NULL!,25,3
31,14,1,1,1,1,3,18,60,1,2,2,0,#NULL!,#NULL!,#NULL!,#NULL!,26,2
28,18,1,4,2,2,2,17,40,1,1,1,0,1,#NULL!,0,#NULL!,27,1
34,18,2,4,2,2,3,18,40,1,3,2,0,#NULL!,#NULL!,#NULL!,#NULL!,28,2
45,13,2,1,1,1,3,18,20,1,4,2,0,#NULL!,#NULL!,#NULL!,#NULL!,29,3
35,16,2,3,1,1,3,19,40,1,0,3,0,#NULL!,#NULL!,#NULL!,#NULL!,30,2
48,16,1,3,1,1,3,19,20,1,2,2,0,#NULL!,#NULL!,#NULL!,#NULL!,31,3
39,19,1,4,2,2,3,16,40,1,4,1,0,#NULL!,#NULL!,#NULL!,#NULL!,32,2
27,15,2,1,3,2,1,4,62,1,1,2,1,1,65,1,62,33,1
36,12,1,1,2,2,1,6,20,1,2,2,0,#NULL!,#NULL!,#NULL!,#NULL!,34,2
42,12,2,1,1,1,2,16,50,1,2,1,0,#NULL!,#NULL!,#NULL!,#NULL!,35,3
31,16,2,3,2,2,2,11,40,1,2,2,0,0,#NULL!,1,#NULL!,36,2
44,16,2,3,2,2,3,13,40,1,0,1,0,#NULL!,#NULL!,#NULL!,#NULL!,37,3
39,12,1,1,2,2,3,13,40,1,2,1,1,1,40,1,40,38,2
39,15,2,1,1,1,4,17,50,1,0,1,1,1,50,1,50,39,2
45,14,1,1,2,2,4,17,22,1,2,1,1,1,22,1,45,40,3
46,20,1,4,2,2,4,21,50,1,4,1,1,1,50,1,40,41,3
23,16,2,3,2,2,4,15,60,1,3,1,0,#NULL!,#NULL!,#NULL!,#NULL!,42,1
27,13,1,1,1,1,3,17,55,1,3,1,0,#NULL!,#NULL!,#NULL!,#NULL!,43,1
23,16,2,3,3,2,2,4,35,1,4,2,0,#NULL!,#NULL!,#NULL!,#NULL!,44,1
31,16,1,3,1,1,2,14,56,1,3,1,0,1,56,0,24,45,2
29,14,2,2,2,2,1,12,40,1,0,3,0,0,#NULL!,1,#NULL!,46,1
35,16,1,3,1,1,4,16,50,1,0,3,1,1,50,1,50,47,2
36,14,1,1,2,2,3,18,54,1,2,2,1,1,54,1,32,48,2
41,12,1,1,2,2,2,17,32,1,0,3,0,1,#NULL!,0,#NULL!,49,3
62,18,2,3,2,2,1,12,55,1,1,2,0,#NULL!,#NULL!,#NULL!,#NULL!,50,4
44,12,1,1,2,2,4,21,55,1,0,1,0,1,55,0,20,51,3
49,15,1,1,2,2,3,18,50,1,2,2,0,1,50,0,17,52,3
62,12,2,1,2,2,2,15,38,1,2,3,0,#NULL!,#NULL!,#NULL!,#NULL!,53,4
45,18,1,4,2,2,4,21,50,1,0,2,0,1,#NULL!,0,#NULL!,54,3
31,16,1,3,2,2,2,17,45,1,3,3,0,#NULL!,#NULL!,#NULL!,#NULL!,55,2
45,15,1,1,2,2,4,20,50,1,4,3,1,1,50,1,40,56,3
27,16,1,3,1,1,2,15,80,1,3,1,1,1,80,1,40,57,1
28,13,1,1,2,2,2,16,56,1,0,1,0,#NULL!,#NULL!,#NULL!,#NULL!,58,1
43,12,1,1,2,2,4,18,50,1,2,3,1,1,50,1,40,59,3
28,16,1,3,2,2,3,15,55,1,1,3,0,1,55,0,13,60,1
24,12,2,1,1,1,2,10,55,1,4,2,1,1,43,1,55,61,1
51,19,1,4,1,1,4,21,40,1,3,2,1,1,40,1,40,62,4
57,17,1,3,2,2,4,21,60,1,1,2,0,1,60,0,30,63,4
72,16,1,3,3,2,4,21,40,1,0,2,0,1,#NULL!,0,#NULL!,64,4
32,18,1,4,2,2,4,20,50,1,2,2,0,1,50,0,10,65,2
50,15,1,2,1,1,2,16,40,1,0,2,0,#NULL!,#NULL!,#NULL!,#NULL!,66,4
43,6,1,0,3,2,3,14,50,1,1,2,1,1,50,1,50,67,3
99,18,1,3,1,1,4,22,40,1,3,1,0,#NULL!,#NULL!,#NULL!,#NULL!,68,#NULL!
60,13,1,1,1,1,4,21,50,1,3,2,1,1,50,1,40,69,4
46,16,2,3,1,1,4,22,80,1,3,1,1,1,40,1,80,70,3
27,15,1,1,2,2,3,15,55,1,1,2,1,1,55,1,40,71,1
45,12,2,1,3,2,3,16,40,1,1,3,0,#NULL!,#NULL!,#NULL!,#NULL!,72,3
51,16,1,3,2,2,4,20,65,1,2,3,1,1,65,1,55,73,4
38,16,1,3,1,1,4,19,40,1,3,2,1,1,40,1,70,74,2
44,20,1,4,1,1,4,17,55,1,2,1,1,1,55,1,40,75,3
40,18,1,4,2,2,4,19,55,1,2,2,0,1,55,0,24,76,3
51,12,1,1,1,1,4,16,60,1,3,2,1,1,60,1,60,77,4
59,20,1,4,1,1,4,21,67,1,2,2,1,1,67,1,40,78,4
36,12,1,1,1,1,4,19,75,1,1,2,0,#NULL!,#NULL!,#NULL!,#NULL!,79,2
35,14,1,1,2,2,4,17,40,1,1,2,1,1,40,1,40,80,2
30,14,2,1,1,1,4,14,50,1,0,2,1,1,65,1,50,81,2
32,12,1,1,1,1,4,0,60,1,0,1,0,1,#NULL!,0,#NULL!,82,2
33,16,2,3,2,2,3,18,45,1,0,2,0,#NULL!,#NULL!,#NULL!,#NULL!,83,2
49,20,2,4,2,2,4,22,50,1,2,2,1,1,40,1,50,84,3
56,18,1,4,3,2,4,19,40,1,3,2,0,#NULL!,#NULL!,#NULL!,#NULL!,85,4
55,20,1,4,1,1,4,21,40,1,3,5,0,1,#NULL!,0,#NULL!,86,4
61,20,2,4,3,2,3,18,40,1,0,3,1,1,35,1,40,87,4
34,16,1,3,1,1,1,8,51,1,1,2,0,#NULL!,#NULL!,#NULL!,#NULL!,88,2
48,16,1,4,3,2,4,21,65,1,4,1,0,1,65,0,8,89,3
43,16,2,3,1,1,4,3,42,1,3,2,0,#NULL!,#NULL!,#NULL!,#NULL!,90,3
38,12,1,1,1,1,4,20,40,1,3,1,0,#NULL!,#NULL!,#NULL!,#NULL!,91,2
31,12,1,1,1,1,2,14,40,1,2,2,0,1,#NULL!,0,#NULL!,92,2
40,16,1,3,2,2,2,16,50,1,1,2,0,#NULL!,#NULL!,#NULL!,#NULL!,93,3
27,17,1,3,3,2,2,16,60,1,1,2,0,#NULL!,#NULL!,#NULL!,#NULL!,94,1
52,16,1,3,2,2,2,15,40,1,3,1,0,#NULL!,#NULL!,#NULL!,#NULL!,95,4
32,12,2,1,2,2,4,17,40,1,3,2,1,1,70,1,40,96,2
55,13,2,1,1,1,4,14,40,1,0,3,1,1,46,1,40,97,4
53,16,2,3,2,2,2,9,40,1,4,1,1,1,60,1,40,98,4
30,16,1,2,1,1,4,18,40,1,2,2,1,1,40,1,40,99,2
34,12,1,1,1,1,3,17,40,1,4,2,0,#NULL!,#NULL!,#NULL!,#NULL!,100,2
43,16,2,3,1,1,3,13,38,1,2,2,1,1,40,1,38,101,3
37,19,1,4,3,2,1,9,46,1,0,1,1,1,46,1,42,102,2
42,12,2,1,1,1,3,11,40,1,0,2,1,1,40,1,40,103,3
66,20,1,4,1,1,4,20,50,1,0,2,0,#NULL!,#NULL!,#NULL!,#NULL!,104,4
57,14,2,2,1,1,3,18,40,1,3,2,0,#NULL!,#NULL!,#NULL!,#NULL!,105,4
57,18,2,4,1,1,4,10,40,1,3,1,1,1,40,1,40,106,4
36,17,1,3,1,1,2,17,40,1,3,2,0,#NULL!,#NULL!,#NULL!,#NULL!,107,2
39,17,1,3,1,1,4,21,60,1,1,2,0,1,#NULL!,0,#NULL!,108,2
49,14,2,1,1,1,2,16,40,1,5,1,0,#NULL!,#NULL!,#NULL!,#NULL!,109,3
51,13,2,1,2,2,1,11,40,1,0,2,0,#NULL!,#NULL!,#NULL!,#NULL!,110,4
53,18,1,4,1,1,4,17,50,1,3,1,1,1,50,1,50,111,4
41,13,2,1,2,2,4,4,40,1,1,3,1,1,60,1,40,112,3
38,11,1,0,4,2,2,11,32,1,0,1,0,#NULL!,#NULL!,#NULL!,#NULL!,113,2
59,12,2,1,2,2,4,8,40,1,0,1,0,0,#NULL!,1,#NULL!,114,4
33,14,2,1,4,2,4,15,40,1,3,2,1,1,50,1,40,115,2
50,12,1,1,1,1,4,19,40,1,4,1,1,1,40,1,40,116,4
51,14,2,1,2,2,4,18,40,1,2,3,1,1,40,1,40,117,4
60,12,2,1,2,2,4,15,40,1,1,2,1,1,45,1,40,118,4
41,17,2,3,2,2,4,20,52,1,0,1,1,1,39,1,52,119,3
57,12,1,1,1,1,2,15,40,1,2,1,0,#NULL!,#NULL!,#NULL!,#NULL!,120,4
50,12,2,1,1,1,4,22,35,1,0,4,1,1,50,1,35,121,4
50,16,2,3,2,2,4,22,15,1,0,3,0,#NULL!,#NULL!,#NULL!,#NULL!,122,4
34,16,1,3,3,2,4,22,55,1,3,1,0,1,#NULL!,0,#NULL!,123,2
47,12,2,1,2,2,4,15,55,1,4,2,1,1,50,1,55,124,3
35,19,1,4,1,1,2,14,60,1,5,2,0,1,60,0,20,125,2
37,14,1,2,1,1,2,16,48,1,3,3,0,1,48,0,16,126,2
41,17,2,3,1,1,2,17,99,1,0,2,0,#NULL!,#NULL!,#NULL!,#NULL!,127,3
27,14,2,1,1,1,2,16,60,1,3,2,0,#NULL!,#NULL!,#NULL!,#NULL!,128,1
27,16,2,3,2,2,2,15,40,1,2,2,0,#NULL!,#NULL!,#NULL!,#NULL!,129,1
50,14,1,2,2,2,4,19,65,1,0,1,0,1,#NULL!,0,#NULL!,130,4
28,16,1,3,4,2,3,16,40,1,3,2,1,1,40,1,40,131,1
31,16,1,3,4,2,3,13,40,1,3,1,1,1,40,1,40,132,2
51,12,1,1,1,1,2,15,46,1,2,2,0,#NULL!,#NULL!,#NULL!,#NULL!,133,4
41,11,1,0,2,2,1,10,40,1,1,1,1,1,40,1,36,134,3
26,15,1,1,2,2,1,11,40,1,0,1,0,#NULL!,#NULL!,#NULL!,#NULL!,135,1
43,16,1,3,2,2,4,21,40,1,3,1,1,1,40,1,40,136,3
44,16,1,3,1,1,4,20,40,1,4,2,0,1,#NULL!,0,#NULL!,137,3
39,15,1,1,1,1,4,18,50,1,2,3,1,1,50,1,45,138,2
54,16,2,3,1,1,3,17,40,1,1,2,1,1,20,1,40,139,4
47,14,2,1,1,1,3,18,40,1,4,2,0,#NULL!,#NULL!,#NULL!,#NULL!,140,3
47,18,2,4,1,1,4,22,40,1,5,2,1,1,40,1,40,141,3
37,12,2,1,2,2,1,14,40,1,2,1,0,#NULL!,#NULL!,#NULL!,#NULL!,142,2
52,9,2,0,3,2,3,13,59,1,0,4,0,#NULL!,#NULL!,#NULL!,#NULL!,143,4
54,12,2,1,2,2,1,13,40,1,4,1,0,#NULL!,#NULL!,#NULL!,#NULL!,144,4
24,12,2,1,2,2,4,15,44,1,2,2,1,1,89,1,44,145,1
43,13,1,1,1,1,2,15,45,1,4,2,0,1,45,0,25,146,3
41,15,1,1,2,2,4,17,40,1,3,1,1,1,40,1,48,147,3
41,12,2,1,1,1,2,13,40,1,3,2,0,#NULL!,#NULL!,#NULL!,#NULL!,148,3
46,12,2,1,4,2,2,9,40,1,1,2,1,1,35,1,40,149,3
33,16,1,3,1,1,2,15,45,1,4,2,0,#NULL!,#NULL!,#NULL!,#NULL!,150,2
33,14,2,2,1,1,1,10,80,1,3,2,0,#NULL!,#NULL!,#NULL!,#NULL!,151,2
45,12,2,1,2,2,2,9,40,1,0,2,1,1,50,1,40,152,3
24,16,1,3,2,2,1,10,40,1,2,2,0,#NULL!,#NULL!,#NULL!,#NULL!,153,1
45,12,1,1,3,2,3,15,44,1,2,2,1,1,44,1,40,154,3
46,12,2,1,3,2,3,18,50,1,2,3,0,#NULL!,#NULL!,#NULL!,#NULL!,155,3
41,20,2,4,3,2,4,17,60,1,0,2,1,1,60,1,60,156,3
37,18,1,4,2,2,4,20,56,1,1,2,1,1,56,1,60,157,2
36,14,2,2,1,1,2,9,41,1,3,2,1,1,89,1,41,158,2
39,16,2,3,2,2,3,18,40,1,3,2,1,1,40,1,40,159,2
52,17,1,3,2,2,3,0,46,1,0,2,1,1,46,1,32,160,4
44,14,1,2,2,2,3,16,40,1,3,2,1,1,40,1,40,161,3
35,19,2,4,1,1,4,20,45,1,2,2,1,1,18,1,45,162,2
26,13,1,1,2,2,2,15,52,1,2,3,0,1,#NULL!,0,#NULL!,163,1
48,12,2,1,1,1,4,11,42,1,2,1,1,1,47,1,42,164,3
26,12,1,1,1,1,1,11,30,1,0,2,1,1,30,1,40,165,1
36,12,1,1,3,2,3,18,44,1,3,4,0,#NULL!,#NULL!,#NULL!,#NULL!,166,2
41,14,1,1,2,2,4,22,53,1,2,2,1,1,53,1,45,167,3
43,12,1,1,1,1,2,16,46,1,0,2,0,#NULL!,#NULL!,#NULL!,#NULL!,168,3
41,16,2,3,2,2,2,15,40,1,2,2,0,#NULL!,#NULL!,#NULL!,#NULL!,169,3
47,18,1,4,4,2,4,20,65,1,0,3,0,1,#NULL!,0,#NULL!,170,3
49,13,1,1,2,2,2,17,40,1,0,2,0,#NULL!,#NULL!,#NULL!,#NULL!,171,3
58,12,1,1,1,1,2,17,55,1,0,2,1,1,55,1,41,172,4
19,12,2,1,1,1,4,7,40,1,0,1,0,#NULL!,#NULL!,#NULL!,#NULL!,173,1
35,12,1,1,1,1,3,12,49,1,1,2,1,1,49,1,40,174,2
42,15,1,2,3,2,3,16,40,1,1,3,1,1,40,1,40,175,3
54,12,2,1,1,1,2,16,40,1,4,1,0,#NULL!,#NULL!,#NULL!,#NULL!,176,4
33,16,2,3,1,1,3,15,40,1,0,2,1,1,60,1,40,177,2
26,12,1,1,2,2,1,11,65,1,2,2,0,1,65,0,20,178,1
42,12,1,1,2,2,4,98,42,1,0,2,0,1,#NULL!,0,#NULL!,179,3
34,17,1,3,1,1,2,15,50,1,0,2,0,1,50,0,7,180,2
43,11,1,0,1,1,4,19,42,1,2,2,1,1,42,1,40,181,3
65,14,1,2,2,2,4,18,40,1,4,2,1,1,40,1,50,182,4
22,15,2,1,2,2,1,4,30,1,0,1,0,#NULL!,#NULL!,#NULL!,#NULL!,183,1
41,13,1,1,2,2,2,0,40,1,2,2,1,1,40,1,40,184,3
33,12,1,1,2,2,4,16,50,1,0,2,0,1,50,0,10,185,2
40,12,1,0,2,2,2,15,55,1,0,2,0,1,#NULL!,0,#NULL!,186,3
25,16,1,3,2,2,2,8,48,1,2,2,0,#NULL!,#NULL!,#NULL!,#NULL!,187,1
51,12,1,1,1,1,1,11,55,1,3,1,0,1,55,0,8,188,4
40,12,2,1,1,1,3,18,40,1,2,1,0,0,#NULL!,1,#NULL!,189,3
43,10,1,0,1,1,4,21,56,1,0,2,0,#NULL!,#NULL!,#NULL!,#NULL!,190,3
46,12,1,1,2,2,3,18,50,1,2,1,0,1,#NULL!,0,#NULL!,191,3
37,12,1,1,1,1,3,19,60,1,1,1,0,1,60,0,30,192,2
52,6,1,0,1,1,2,16,45,1,0,2,0,1,#NULL!,0,#NULL!,193,4
25,12,1,1,1,1,1,13,48,1,4,1,0,#NULL!,#NULL!,#NULL!,#NULL!,194,1
46,12,1,1,1,1,3,18,40,1,0,2,0,1,40,0,20,195,3
42,12,1,1,2,2,1,0,38,1,2,2,0,#NULL!,#NULL!,#NULL!,#NULL!,196,3
38,11,1,1,1,1,1,13,48,1,5,3,0,#NULL!,#NULL!,#NULL!,#NULL!,197,2
23,14,1,1,3,2,1,11,40,1,0,1,0,1,#NULL!,0,#NULL!,198,1
59,16,2,3,1,1,3,16,40,1,0,1,1,1,40,1,40,199,4
47,13,1,1,2,2,1,12,56,1,1,2,0,#NULL!,#NULL!,#NULL!,#NULL!,200,3
35,11,1,0,4,2,2,6,35,1,1,2,1,1,35,1,60,201,2
44,12,2,1,1,1,1,14,40,1,2,1,0,#NULL!,#NULL!,#NULL!,#NULL!,202,3
38,14,2,2,1,1,2,13,40,1,3,2,1,1,40,1,40,203,2
36,18,2,4,1,1,4,14,40,1,0,2,1,1,42,1,40,204,2
43,13,1,1,1,1,3,15,52,1,1,2,0,1,52,0,24,205,3
25,12,1,0,3,2,1,0,48,1,1,2,0,#NULL!,#NULL!,#NULL!,#NULL!,206,1
25,14,1,1,3,2,2,11,50,1,2,2,0,#NULL!,#NULL!,#NULL!,#NULL!,207,1
73,14,1,1,1,1,4,0,50,1,0,2,0,#NULL!,#NULL!,#NULL!,#NULL!,208,4
36,16,1,3,1,1,4,22,50,1,2,2,1,1,50,1,45,209,2
35,13,1,1,1,1,4,21,65,1,3,1,1,1,65,1,40,210,2
51,13,2,1,1,1,3,17,60,1,0,1,0,#NULL!,#NULL!,#NULL!,#NULL!,211,4
58,12,2,1,1,1,1,9,40,1,0,1,0,#NULL!,#NULL!,#NULL!,#NULL!,212,4
40,12,2,1,2,2,1,10,44,1,3,2,1,1,40,1,44,213,3
52,12,1,1,1,1,4,22,40,1,4,1,1,1,40,1,40,214,4
53,13,2,1,1,1,4,9,35,1,1,2,1,1,60,1,35,215,4
38,12,2,1,2,2,2,0,50,1,0,2,0,#NULL!,#NULL!,#NULL!,#NULL!,216,2
38,14,2,2,2,2,3,18,40,1,0,2,0,#NULL!,#NULL!,#NULL!,#NULL!,217,2
58,12,1,1,1,1,2,11,40,1,0,1,1,1,40,1,40,218,4
45,13,2,1,2,2,3,11,45,1,2,3,1,1,70,1,45,219,3
20,12,1,1,2,2,2,4,42,1,2,2,0,#NULL!,#NULL!,#NULL!,#NULL!,220,1
39,14,1,2,1,1,1,8,40,1,2,2,0,1,#NULL!,0,#NULL!,221,2
51,0,2,0,1,1,1,3,20,1,1,2,1,1,40,1,20,222,4
78,18,2,3,1,1,2,16,40,1,0,1,0,#NULL!,#NULL!,#NULL!,#NULL!,223,4
25,12,2,1,3,2,2,11,40,1,9,2,1,1,40,1,40,224,1
36,19,1,4,2,2,2,17,42,1,1,2,1,1,42,1,40,225,2
23,11,2,0,1,1,4,98,36,1,2,2,0,0,#NULL!,1,#NULL!,226,1
40,12,2,1,1,1,3,7,35,1,2,2,1,1,50,1,35,227,3
31,12,2,1,2,2,1,12,47,1,0,2,0,#NULL!,#NULL!,#NULL!,#NULL!,228,2
51,16,2,3,1,1,2,8,40,1,0,3,1,1,60,1,40,229,4
37,17,1,3,2,2,1,14,40,1,2,1,0,1,#NULL!,0,#NULL!,230,2
47,16,1,3,4,2,3,18,60,1,0,3,1,1,60,1,40,231,3
64,12,1,1,1,1,2,15,40,1,4,2,0,1,#NULL!,0,#NULL!,232,4
27,14,2,2,2,2,2,11,40,1,3,1,1,1,55,1,40,233,1
32,20,2,3,2,2,1,11,60,1,2,2,0,#NULL!,#NULL!,#NULL!,#NULL!,234,2
40,20,1,4,1,1,3,19,48,1,0,1,0,1,48,0,25,235,3
45,17,2,3,1,1,3,18,55,1,2,1,0,#NULL!,#NULL!,#NULL!,#NULL!,236,3
26,12,2,1,1,1,2,15,40,1,0,2,0,0,20,1,40,237,1
46,20,2,4,1,1,2,16,60,1,3,1,0,#NULL!,#NULL!,#NULL!,#NULL!,238,3
32,18,2,4,2,2,1,12,50,1,2,2,0,#NULL!,#NULL!,#NULL!,#NULL!,239,2
36,16,1,3,1,1,2,16,36,1,1,2,0,#NULL!,#NULL!,#NULL!,#NULL!,240,2
30,14,2,1,4,2,1,11,40,1,2,2,0,#NULL!,#NULL!,#NULL!,#NULL!,241,2
51,12,2,1,2,2,1,9,35,1,5,3,0,#NULL!,#NULL!,#NULL!,#NULL!,242,4
40,19,1,4,2,2,4,21,45,1,2,2,1,1,45,1,45,243,3
51,16,1,3,4,2,4,21,60,1,0,2,0,1,60,0,16,244,4
54,16,2,3,1,1,3,10,38,1,2,2,0,0,#NULL!,1,#NULL!,245,4
27,16,1,3,2,2,1,12,40,1,1,2,1,1,40,1,40,246,1
63,17,1,3,2,2,4,21,45,1,2,2,0,1,#NULL!,0,#NULL!,247,4
43,18,2,4,1,1,2,16,40,1,3,1,0,0,#NULL!,1,#NULL!,248,3
44,14,2,2,3,2,3,17,45,1,3,3,0,#NULL!,#NULL!,#NULL!,#NULL!,249,3
32,14,2,1,1,1,4,22,60,1,3,1,0,#NULL!,#NULL!,#NULL!,#NULL!,250,2
50,12,1,1,1,1,3,16,50,1,5,2,0,1,50,0,35,251,4
31,14,2,1,3,2,4,12,40,1,0,1,1,1,42,1,40,252,2
29,14,1,2,1,1,3,18,60,1,3,2,0,#NULL!,#NULL!,#NULL!,#NULL!,253,1
30,11,1,1,1,1,1,11,45,1,0,2,0,#NULL!,#NULL!,#NULL!,#NULL!,254,2
34,15,1,2,4,2,3,16,40,1,9,2,0,#NULL!,#NULL!,#NULL!,#NULL!,255,2
63,12,2,1,2,2,2,14,36,1,1,2,0,0,20,1,36,256,4
55,13,2,1,1,1,3,9,40,1,0,2,1,1,76,1,40,257,4
36,13,1,1,3,2,1,8,40,1,0,1,0,#NULL!,#NULL!,#NULL!,#NULL!,258,2
39,12,1,1,3,2,2,16,55,1,0,1,0,#NULL!,#NULL!,#NULL!,#NULL!,259,2
28,19,2,3,2,2,1,5,39,1,3,1,0,#NULL!,#NULL!,#NULL!,#NULL!,260,1
46,14,2,1,2,2,4,16,45,1,3,2,1,1,60,1,45,261,3
39,19,2,4,1,1,3,15,35,1,2,1,1,1,40,1,35,262,2
77,14,2,1,1,1,4,22,40,1,0,3,0,#NULL!,#NULL!,#NULL!,#NULL!,263,4
49,17,1,3,2,2,4,17,36,1,3,2,1,1,36,1,60,264,3
56,18,2,4,2,2,4,19,40,1,2,1,0,#NULL!,#NULL!,#NULL!,#NULL!,265,4
28,12,1,1,1,1,3,14,42,1,3,2,0,#NULL!,#NULL!,#NULL!,#NULL!,266,1
24,12,1,1,2,2,1,2,57,1,3,2,0,1,#NULL!,0,#NULL!,267,1
37,18,2,4,1,1,4,19,50,1,2,2,1,1,60,1,50,268,2
48,12,2,1,3,2,2,12,40,1,0,3,0,#NULL!,#NULL!,#NULL!,#NULL!,269,3
49,15,1,2,2,2,4,14,25,1,0,2,0,1,#NULL!,0,#NULL!,270,3
36,9,1,0,2,2,2,13,44,1,5,3,0,#NULL!,#NULL!,#NULL!,#NULL!,271,2
35,12,1,1,2,2,1,2,40,1,3,2,0,#NULL!,#NULL!,#NULL!,#NULL!,272,2
36,12,2,1,2,2,1,9,40,1,5,2,0,#NULL!,#NULL!,#NULL!,#NULL!,273,2
37,13,2,1,3,2,1,8,40,1,3,1,0,#NULL!,#NULL!,#NULL!,#NULL!,274,2
55,14,1,2,2,2,2,16,40,1,4,2,0,#NULL!,#NULL!,#NULL!,#NULL!,275,4
39,16,1,3,2,2,3,18,40,1,2,2,0,1,40,0,6,276,2
72,12,1,1,1,1,2,17,40,1,4,2,0,1,#NULL!,0,#NULL!,277,4
52,18,2,3,3,2,3,11,45,1,0,2,1,1,55,1,45,278,4
38,13,2,1,1,1,3,16,50,1,0,2,0,0,42,1,50,279,2
52,14,1,2,1,1,4,19,40,1,0,1,1,1,40,1,40,280,4
43,13,1,1,1,1,2,12,65,1,0,3,0,#NULL!,#NULL!,#NULL!,#NULL!,281,3
24,12,1,1,2,2,2,11,42,1,0,2,0,#NULL!,#NULL!,#NULL!,#NULL!,282,1
56,11,2,0,1,1,1,11,44,1,4,2,0,#NULL!,#NULL!,#NULL!,#NULL!,283,4
28,14,2,2,2,2,2,11,38,1,1,3,0,0,#NULL!,1,#NULL!,284,1
40,15,1,2,1,1,3,17,40,1,0,2,1,1,40,1,38,285,3
24,9,1,0,1,1,1,11,37,1,1,2,0,#NULL!,#NULL!,#NULL!,#NULL!,286,1
49,9,1,0,2,2,3,14,45,1,1,2,1,1,45,1,40,287,3
47,12,1,1,2,2,1,11,70,1,0,2,0,1,70,0,20,288,3
35,12,2,1,1,1,3,14,45,1,4,2,1,1,43,1,45,289,2
35,12,1,1,1,1,2,16,50,1,0,2,0,1,50,0,20,290,2
20,12,2,1,2,2,4,5,39,1,3,2,0,#NULL!,#NULL!,#NULL!,#NULL!,291,1
37,14,1,2,3,2,4,14,42,1,4,2,1,1,42,1,60,292,2
51,15,2,1,1,1,2,13,40,1,4,3,1,1,60,1,40,293,4
44,16,1,3,2,2,3,11,60,1,0,2,1,1,60,1,60,294,3
28,16,1,3,2,2,1,14,40,1,1,2,0,#NULL!,#NULL!,#NULL!,#NULL!,295,1
51,13,1,1,1,1,4,22,52,1,3,1,0,1,52,0,25,296,4
37,12,2,1,1,1,2,9,32,1,0,2,1,1,44,1,32,297,2
40,12,2,1,2,2,1,14,46,1,3,2,0,#NULL!,#NULL!,#NULL!,#NULL!,298,3
47,12,1,1,2,2,3,14,70,1,1,2,1,1,70,1,40,299,3
43,14,1,1,1,1,3,19,50,1,0,1,0,1,#NULL!,0,#NULL!,300,3
43,16,2,3,1,1,2,15,60,1,3,2,1,1,50,1,60,301,3
27,13,1,2,3,2,1,8,70,1,1,1,0,#NULL!,#NULL!,#NULL!,#NULL!,302,1
39,16,1,3,1,1,1,12,80,1,2,1,0,#NULL!,#NULL!,#NULL!,#NULL!,303,2
45,12,1,1,2,2,2,16,50,1,0,1,0,1,50,0,15,304,3
35,14,2,1,2,2,4,22,55,1,2,2,1,1,40,1,55,305,2
65,12,1,1,2,2,2,16,50,1,2,9,0,1,50,0,15,306,4
45,12,1,1,2,2,3,16,60,1,1,2,1,1,60,1,60,307,3
46,12,2,1,3,2,4,22,40,1,0,2,1,1,40,1,40,308,3
47,11,2,1,1,1,1,3,36,1,1,2,0,#NULL!,#NULL!,#NULL!,#NULL!,309,3
30,12,1,1,1,1,3,0,50,1,2,2,0,1,50,0,20,310,2
39,12,2,1,2,2,3,13,58,1,0,2,1,1,40,1,58,311,2
52,12,2,1,3,2,1,10,38,1,3,2,1,1,6,1,38,312,4
99,10,2,0,2,2,4,22,40,1,1,3,0,#NULL!,#NULL!,#NULL!,#NULL!,313,#NULL!
51,12,2,1,2,2,4,22,37,1,0,3,1,1,40,1,37,314,4
28,17,1,3,2,2,2,15,55,1,4,3,0,#NULL!,#NULL!,#NULL!,#NULL!,315,1
37,12,2,1,1,1,2,13,40,1,3,2,1,1,40,1,40,316,2
55,13,1,1,2,2,3,16,60,1,1,2,1,1,60,1,72,317,4
46,11,1,1,2,2,1,14,60,1,9,2,0,1,#NULL!,0,#NULL!,318,3
63,9,1,0,1,1,4,18,48,1,4,2,1,1,48,1,40,319,4
21,14,2,1,1,1,1,5,40,1,2,2,1,1,32,1,40,320,1
41,12,1,1,1,1,1,11,45,1,3,3,0,1,#NULL!,0,#NULL!,321,3
33,9,1,0,2,2,1,10,44,1,1,2,0,#NULL!,#NULL!,#NULL!,#NULL!,322,2
21,12,1,1,2,2,1,2,20,1,3,1,0,#NULL!,#NULL!,#NULL!,#NULL!,323,1
29,11,2,0,4,2,1,10,70,1,0,2,0,#NULL!,#NULL!,#NULL!,#NULL!,324,1
41,12,1,1,1,1,2,11,60,1,3,2,1,1,60,1,40,325,3
33,20,1,4,1,1,2,15,65,1,0,2,0,1,65,0,20,326,2
58,13,2,1,2,2,1,7,38,1,4,2,0,#NULL!,#NULL!,#NULL!,#NULL!,327,4
43,14,2,1,2,2,2,15,40,1,2,3,0,#NULL!,#NULL!,#NULL!,#NULL!,328,3
45,14,2,2,1,1,4,22,40,1,4,2,0,#NULL!,#NULL!,#NULL!,#NULL!,329,3
26,13,1,1,1,1,1,14,44,1,0,2,0,1,#NULL!,0,#NULL!,330,1
42,14,1,2,1,1,3,17,46,1,0,2,0,#NULL!,#NULL!,#NULL!,#NULL!,331,3
41,12,1,1,2,2,2,12,42,1,3,3,1,1,42,1,40,332,3
41,12,1,1,2,2,1,12,24,1,2,2,0,#NULL!,#NULL!,#NULL!,#NULL!,333,3
42,14,2,2,2,2,2,12,40,1,9,2,0,0,30,1,40,334,3
26,12,1,1,2,2,1,12,44,1,1,2,0,1,#NULL!,0,#NULL!,335,1
57,8,2,0,2,2,1,10,52,1,4,3,0,#NULL!,#NULL!,#NULL!,#NULL!,336,4
50,12,2,1,2,2,4,9,44,1,0,3,1,1,40,1,44,337,4
43,18,2,4,1,1,4,16,45,1,4,2,1,1,45,1,45,338,3
30,16,2,3,2,2,4,11,40,1,4,3,1,1,50,1,40,339,2
58,14,1,2,1,1,1,9,50,1,4,2,0,#NULL!,#NULL!,#NULL!,#NULL!,340,4
50,9,2,0,2,2,4,22,40,1,0,9,0,0,#NULL!,1,#NULL!,341,4
33,18,1,3,2,2,4,22,40,1,0,3,0,1,#NULL!,0,#NULL!,342,2
36,12,1,1,2,2,4,22,40,1,0,2,1,1,40,1,40,343,2
82,16,1,3,1,1,4,21,36,1,3,2,0,1,#NULL!,0,#NULL!,344,4
36,18,2,3,3,2,1,13,16,1,0,1,0,#NULL!,#NULL!,#NULL!,#NULL!,345,2
48,12,2,1,4,2,4,22,43,1,2,9,1,1,30,1,43,346,3
27,16,2,3,1,1,1,11,45,1,3,2,0,0,#NULL!,1,#NULL!,347,1
37,13,2,1,2,2,1,9,55,1,4,2,0,#NULL!,#NULL!,#NULL!,#NULL!,348,2
39,12,2,1,1,1,1,10,75,1,2,1,0,#NULL!,#NULL!,#NULL!,#NULL!,349,2
23,12,1,1,1,1,1,14,56,1,2,2,0,1,#NULL!,0,#NULL!,350,1
24,13,1,1,2,2,2,13,98,1,3,2,1,1,#NULL!,1,#NULL!,351,1
31,12,1,1,2,2,1,9,40,1,3,2,0,#NULL!,#NULL!,#NULL!,#NULL!,352,2
47,14,1,2,1,1,3,18,55,1,3,2,0,1,#NULL!,0,#NULL!,353,3
46,14,1,1,3,2,1,14,75,1,1,2,0,1,#NULL!,0,#NULL!,354,3
35,17,2,3,1,1,4,17,50,1,0,1,1,1,45,1,50,355,2
34,13,1,1,2,2,2,15,44,1,1,2,0,#NULL!,#NULL!,#NULL!,#NULL!,356,2
47,7,1,0,2,2,1,13,61,1,2,1,0,1,#NULL!,0,#NULL!,357,3
42,12,1,1,1,1,4,22,40,1,0,2,1,1,40,1,40,358,3
46,16,2,3,2,2,1,8,40,1,3,1,1,1,40,1,40,359,3
38,14,2,1,1,1,2,16,40,1,0,3,0,#NULL!,#NULL!,#NULL!,#NULL!,360,2
38,12,1,1,2,2,2,14,53,1,4,1,0,1,53,0,5,361,2
56,12,1,1,2,2,3,19,40,1,1,3,0,1,#NULL!,0,#NULL!,362,4
35,16,1,3,1,1,4,0,68,1,0,1,0,1,68,0,20,363,2
20,12,2,1,1,1,4,7,35,1,4,1,0,#NULL!,#NULL!,#NULL!,#NULL!,364,1
43,16,1,3,1,1,3,18,70,1,2,2,0,1,70,0,15,365,3
39,14,2,1,1,1,4,15,40,1,9,2,1,1,40,1,40,366,2
48,16,1,3,2,2,3,17,45,1,0,3,1,1,45,1,40,367,3
38,14,1,2,1,1,2,11,48,1,4,3,1,1,48,1,36,368,2
44,13,2,1,2,2,1,12,50,1,2,2,0,#NULL!,#NULL!,#NULL!,#NULL!,369,3
35,16,1,3,1,1,2,16,45,1,0,1,1,1,45,1,40,370,2
24,13,1,1,2,2,3,3,40,1,3,2,0,#NULL!,#NULL!,#NULL!,#NULL!,371,1
37,18,2,4,1,1,1,14,60,1,0,1,0,#NULL!,#NULL!,#NULL!,#NULL!,372,2
55,17,1,4,1,1,4,18,60,1,0,1,1,1,60,1,45,373,4
38,18,2,4,1,1,3,15,40,1,3,2,1,1,40,1,40,374,2
62,16,2,3,2,2,1,14,28,1,2,1,0,#NULL!,#NULL!,#NULL!,#NULL!,375,4
30,20,1,4,2,2,4,20,60,1,1,1,0,#NULL!,#NULL!,#NULL!,#NULL!,376,2
49,20,1,4,1,1,4,22,40,1,3,1,0,#NULL!,#NULL!,#NULL!,#NULL!,377,3
43,18,1,4,1,1,4,21,40,1,0,1,1,1,40,1,40,378,3
99,12,2,1,1,1,4,21,99,1,9,2,1,1,#NULL!,1,#NULL!,379,#NULL!
47,16,1,3,3,2,4,21,99,1,0,2,0,#NULL!,#NULL!,#NULL!,#NULL!,380,3
32,16,1,3,1,1,4,21,60,1,3,1,0,#NULL!,#NULL!,#NULL!,#NULL!,381,2
35,16,2,3,1,1,4,18,40,1,2,1,1,1,40,1,40,382,2
31,16,2,3,2,2,3,15,28,1,0,1,1,1,40,1,28,383,2
40,18,1,4,1,1,4,21,65,1,0,1,0,1,#NULL!,0,#NULL!,384,3
30,16,2,3,2,2,4,22,40,1,1,1,0,#NULL!,#NULL!,#NULL!,#NULL!,385,2
51,12,1,1,2,2,4,19,35,1,0,1,1,1,35,1,37,386,4
24,15,1,1,2,2,3,15,45,1,2,2,0,#NULL!,#NULL!,#NULL!,#NULL!,387,1
38,16,1,3,1,1,4,21,60,1,3,2,1,1,60,1,40,388,2
74,12,1,1,2,2,4,21,70,1,4,3,0,1,#NULL!,0,#NULL!,389,4
63,14,2,2,1,1,4,16,35,1,0,2,0,0,#NULL!,1,#NULL!,390,4
51,10,1,0,2,2,2,15,50,1,3,2,0,1,50,0,20,391,4
33,16,1,3,1,1,3,19,70,1,0,2,0,#NULL!,#NULL!,#NULL!,#NULL!,392,2
27,20,1,4,1,1,2,11,40,1,1,2,0,#NULL!,#NULL!,#NULL!,#NULL!,393,1
22,12,2,1,4,2,2,11,40,1,1,2,0,#NULL!,#NULL!,#NULL!,#NULL!,394,1
40,13,1,1,1,1,3,18,45,1,0,3,0,1,#NULL!,0,#NULL!,395,3
43,12,2,1,2,2,2,15,50,1,3,2,0,#NULL!,#NULL!,#NULL!,#NULL!,396,3
35,20,1,4,3,2,4,18,80,1,2,2,0,1,#NULL!,0,#NULL!,397,2
39,18,1,4,2,2,2,16,60,1,0,2,0,#NULL!,#NULL!,#NULL!,#NULL!,398,2
40,18,1,4,2,2,3,19,50,1,0,2,0,#NULL!,#NULL!,#NULL!,#NULL!,399,3
34,16,1,4,2,2,4,20,50,1,0,2,0,1,#NULL!,0,#NULL!,400,2
77,12,2,1,1,1,3,18,35,1,3,1,0,#NULL!,#NULL!,#NULL!,#NULL!,401,4
53,14,2,1,4,2,3,17,45,1,3,2,0,0,#NULL!,1,#NULL!,402,4
38,16,2,3,1,1,4,0,60,1,3,9,0,0,#NULL!,1,#NULL!,403,2
32,12,1,0,1,1,3,13,40,1,0,2,0,1,#NULL!,0,#NULL!,404,2
39,14,2,1,1,1,2,13,40,1,4,3,1,1,40,1,40,405,2
47,11,2,0,2,2,3,12,40,1,0,1,0,0,#NULL!,1,#NULL!,406,3
43,13,1,1,1,1,2,17,46,1,0,2,0,1,#NULL!,0,#NULL!,407,3
46,15,1,1,2,2,3,19,60,1,2,1,0,#NULL!,#NULL!,#NULL!,#NULL!,408,3
32,14,1,1,4,2,4,98,55,1,0,1,0,1,#NULL!,0,#NULL!,409,2
57,14,2,1,1,1,3,18,80,1,3,4,0,#NULL!,#NULL!,#NULL!,#NULL!,410,4
28,17,2,3,2,2,4,15,40,1,4,2,0,#NULL!,#NULL!,#NULL!,#NULL!,411,1
26,10,1,1,1,1,3,19,50,1,2,1,0,#NULL!,#NULL!,#NULL!,#NULL!,412,1
45,14,2,1,1,1,4,16,40,1,3,2,1,1,40,1,40,413,3
44,12,1,1,2,2,3,17,55,1,4,2,0,1,55,0,20,414,3
46,14,2,2,2,2,3,19,41,1,4,2,0,#NULL!,#NULL!,#NULL!,#NULL!,415,3
55,12,2,1,2,2,4,16,40,1,0,1,1,1,40,1,40,416,4
36,16,1,3,2,2,3,19,45,1,4,2,0,1,#NULL!,0,#NULL!,417,2
25,13,2,1,2,2,4,14,48,1,0,2,0,#NULL!,#NULL!,#NULL!,#NULL!,418,1
38,15,1,1,3,2,1,0,38,1,0,3,0,#NULL!,#NULL!,#NULL!,#NULL!,419,2
49,13,1,1,1,1,4,19,40,1,3,1,1,1,40,1,40,420,3
52,10,1,0,2,2,2,11,40,1,3,1,1,1,40,1,40,421,4
39,13,1,1,1,1,4,20,70,1,3,2,0,1,#NULL!,0,#NULL!,422,2
27,16,2,3,1,1,4,19,45,1,3,2,1,1,45,1,45,423,1
38,12,2,1,1,1,2,15,40,1,0,1,0,#NULL!,#NULL!,#NULL!,#NULL!,424,2
38,18,1,4,2,2,4,20,45,1,0,2,0,#NULL!,#NULL!,#NULL!,#NULL!,425,2
29,14,1,1,2,2,4,22,55,1,3,2,0,#NULL!,#NULL!,#NULL!,#NULL!,426,1
47,19,1,4,4,2,1,4,60,1,0,1,1,1,60,1,60,427,3
38,13,2,1,3,2,1,4,35,1,3,2,1,1,40,1,35,428,2
43,12,2,1,1,1,2,16,60,1,4,2,0,#NULL!,#NULL!,#NULL!,#NULL!,429,3
42,13,2,1,1,1,2,15,65,1,3,2,0,#NULL!,#NULL!,#NULL!,#NULL!,430,3
60,12,1,1,2,2,2,15,50,1,0,2,0,#NULL!,#NULL!,#NULL!,#NULL!,431,4
47,6,1,0,1,1,2,15,40,1,0,1,0,1,#NULL!,0,#NULL!,432,3
36,16,1,3,2,2,4,17,50,1,0,2,0,1,50,0,24,433,2
45,16,1,3,1,1,3,17,40,1,4,2,0,1,40,0,26,434,3
53,18,1,4,2,2,3,15,50,1,1,2,1,1,50,1,50,435,4
44,12,2,1,2,2,1,14,40,1,0,3,0,#NULL!,#NULL!,#NULL!,#NULL!,436,3
49,16,1,3,1,1,4,21,40,1,0,3,0,1,#NULL!,0,#NULL!,437,3
57,16,2,3,1,1,3,19,40,1,2,1,0,#NULL!,#NULL!,#NULL!,#NULL!,438,4
39,12,2,1,1,1,3,13,40,1,0,2,1,1,40,1,40,439,2
48,12,2,1,1,1,2,14,48,1,2,2,0,#NULL!,#NULL!,#NULL!,#NULL!,440,3
32,9,2,0,1,1,2,11,40,1,9,1,1,1,40,1,40,441,2
41,15,1,1,1,1,1,8,40,1,2,2,0,#NULL!,#NULL!,#NULL!,#NULL!,442,3
34,14,2,2,1,1,1,14,45,1,0,2,0,#NULL!,#NULL!,#NULL!,#NULL!,443,2
39,16,2,3,1,1,4,16,50,1,2,1,0,#NULL!,#NULL!,#NULL!,#NULL!,444,2
41,19,2,4,1,1,4,20,55,1,0,2,0,0,#NULL!,1,#NULL!,445,3
56,10,2,0,2,2,2,15,40,1,2,1,0,#NULL!,#NULL!,#NULL!,#NULL!,446,4
35,10,2,0,2,2,2,16,37,1,0,1,0,#NULL!,#NULL!,#NULL!,#NULL!,447,2
32,15,1,1,3,2,2,14,57,1,1,3,1,1,57,1,40,448,2
49,11,2,1,2,2,4,15,80,1,1,2,0,#NULL!,#NULL!,#NULL!,#NULL!,449,3
28,12,1,1,2,2,1,14,52,1,2,1,0,#NULL!,#NULL!,#NULL!,#NULL!,450,1
45,19,1,4,1,1,4,21,75,1,4,3,0,1,75,0,5,451,3
28,18,1,4,4,2,4,16,40,1,0,2,1,1,40,1,40,452,1
35,19,1,4,3,2,4,18,60,1,0,2,0,1,#NULL!,0,#NULL!,453,2
31,12,2,1,1,1,1,14,55,1,0,1,0,#NULL!,#NULL!,#NULL!,#NULL!,454,2
41,11,2,1,1,1,1,11,40,1,1,4,0,#NULL!,#NULL!,#NULL!,#NULL!,455,3
36,12,1,1,2,2,2,0,40,1,0,4,0,1,#NULL!,0,#NULL!,456,2
31,19,2,4,2,2,4,19,46,1,1,2,1,1,55,1,46,457,2
30,14,2,2,1,1,2,16,80,1,2,1,0,#NULL!,#NULL!,#NULL!,#NULL!,458,2
29,18,1,2,1,1,4,17,43,1,1,2,1,1,43,1,38,459,1
28,13,2,1,4,2,2,15,40,1,1,2,0,#NULL!,#NULL!,#NULL!,#NULL!,460,1
31,16,2,3,2,2,2,15,35,1,0,2,0,#NULL!,#NULL!,#NULL!,#NULL!,461,2
50,16,2,3,2,2,1,13,40,1,5,2,0,#NULL!,#NULL!,#NULL!,#NULL!,462,4
50,14,1,2,2,2,4,21,70,1,1,2,0,#NULL!,#NULL!,#NULL!,#NULL!,463,4
29,12,2,1,2,2,2,9,58,1,0,4,1,1,60,1,58,464,1
25,17,1,3,1,1,1,10,40,1,0,2,0,#NULL!,#NULL!,#NULL!,#NULL!,465,1
39,18,2,3,2,2,2,16,40,1,2,2,0,#NULL!,#NULL!,#NULL!,#NULL!,466,2
38,19,1,3,1,1,4,21,65,1,2,2,0,1,65,0,4,467,2
39,17,1,4,3,2,4,22,40,1,0,2,0,1,40,0,20,468,2
37,13,2,1,2,2,4,9,40,1,3,1,1,1,50,1,40,469,2
38,14,2,1,1,1,1,12,40,1,2,1,0,#NULL!,#NULL!,#NULL!,#NULL!,470,2
65,16,1,3,1,1,4,21,60,1,0,1,0,1,#NULL!,0,#NULL!,471,4
58,16,1,3,1,1,4,19,60,1,0,3,1,1,60,1,35,472,4
51,16,2,3,2,2,4,98,45,1,0,2,1,1,55,1,45,473,4
40,18,2,3,4,2,4,11,40,1,9,2,1,1,40,1,40,474,3
30,16,1,3,1,1,2,12,37,1,2,2,1,1,37,1,40,475,2
47,20,1,4,1,1,4,21,70,1,3,1,1,1,70,1,50,476,3
49,14,2,1,1,1,4,21,80,1,3,2,1,1,40,1,80,477,3
35,15,2,2,1,1,4,3,35,1,3,3,1,1,53,1,35,478,2
58,14,1,1,1,1,4,21,60,1,1,2,0,1,#NULL!,0,#NULL!,479,4
23,16,2,3,1,1,4,5,50,1,4,2,0,#NULL!,#NULL!,#NULL!,#NULL!,480,1
30,16,2,3,2,2,4,18,40,1,4,4,1,1,60,1,40,481,2
61,12,2,1,2,2,3,8,30,1,3,2,1,1,40,1,30,482,4
41,12,1,1,1,1,1,11,44,1,0,1,1,1,44,1,50,483,3
27,16,2,3,2,2,3,17,32,1,2,1,1,1,40,1,32,484,1
56,10,1,1,2,2,2,15,47,1,2,3,0,1,47,0,10,485,4
25,16,2,3,2,2,2,12,55,1,3,2,0,#NULL!,#NULL!,#NULL!,#NULL!,486,1
28,13,2,1,2,2,4,11,55,1,0,2,1,1,55,1,55,487,1
31,12,1,1,2,2,1,9,60,1,1,3,0,#NULL!,#NULL!,#NULL!,#NULL!,488,2
31,13,1,1,2,2,3,13,66,1,1,1,0,1,66,0,16,489,2
26,13,1,1,2,2,1,10,40,1,1,2,0,1,#NULL!,0,#NULL!,490,1
31,14,1,1,1,1,1,13,40,1,3,2,1,1,40,1,50,491,2
42,14,1,1,1,1,3,15,25,1,0,2,0,1,25,0,24,492,3
24,14,2,1,1,1,2,16,45,1,0,2,0,#NULL!,#NULL!,#NULL!,#NULL!,493,1
38,16,1,3,4,2,2,15,40,1,5,2,0,1,40,0,16,494,2
45,13,1,1,1,1,3,18,40,1,0,2,0,#NULL!,#NULL!,#NULL!,#NULL!,495,3
38,15,2,2,2,2,2,16,40,1,3,2,1,1,65,1,40,496,2
52,12,1,1,2,2,3,14,50,1,2,1,1,1,50,1,52,497,4
44,12,2,1,2,2,2,10,32,1,0,2,0,#NULL!,#NULL!,#NULL!,#NULL!,498,3
25,14,1,1,2,2,3,11,40,1,0,3,1,1,40,1,40,499,1
39,16,2,3,2,2,2,11,40,1,3,2,1,1,40,1,40,500,2
33,14,2,1,2,2,2,22,54,1,0,2,1,1,35,1,54,501,2
56,19,1,4,2,2,4,21,50,1,3,2,0,1,#NULL!,0,#NULL!,502,4
46,18,2,4,2,2,4,21,50,1,1,3,1,1,60,1,50,503,3
45,16,2,4,1,1,4,21,50,1,3,2,1,1,50,1,50,504,3
47,15,1,1,4,2,3,16,44,1,3,2,0,#NULL!,#NULL!,#NULL!,#NULL!,505,3
25,16,2,3,1,1,4,16,40,1,9,2,0,#NULL!,#NULL!,#NULL!,#NULL!,506,1
23,14,2,4,2,2,1,0,40,1,0,1,1,1,60,1,40,507,1
45,12,1,1,2,2,4,18,50,1,4,2,0,1,#NULL!,0,#NULL!,508,3
23,16,2,3,1,1,2,9,40,1,0,2,0,#NULL!,#NULL!,#NULL!,#NULL!,509,1
57,14,2,1,1,1,2,15,50,1,3,1,0,#NULL!,#NULL!,#NULL!,#NULL!,510,4
38,12,2,1,2,2,1,6,55,1,3,2,0,#NULL!,#NULL!,#NULL!,#NULL!,511,2
57,12,2,1,1,1,2,11,8,1,1,2,0,0,#NULL!,1,#NULL!,512,4
25,12,2,1,2,2,1,13,50,1,2,2,0,#NULL!,#NULL!,#NULL!,#NULL!,513,1
35,14,1,1,1,1,2,15,50,1,0,2,0,#NULL!,#NULL!,#NULL!,#NULL!,514,2
30,12,2,1,2,2,3,12,40,1,0,2,1,1,40,1,40,515,2
37,14,2,1,2,2,4,16,40,1,3,3,1,1,60,1,40,516,2
40,12,2,1,3,2,4,15,45,1,2,3,1,1,40,1,45,517,3
38,13,2,1,1,1,4,15,55,1,0,3,1,1,60,1,55,518,2
68,12,1,1,1,1,3,18,40,1,3,2,0,1,#NULL!,0,#NULL!,519,4
35,16,1,3,3,2,3,18,55,1,0,2,1,1,55,1,55,520,2
25,12,1,1,1,1,1,14,40,1,2,1,0,#NULL!,#NULL!,#NULL!,#NULL!,521,1
25,11,2,1,2,2,4,14,50,1,0,2,1,1,45,1,50,522,1
55,12,2,1,3,2,1,12,40,1,1,2,0,#NULL!,#NULL!,#NULL!,#NULL!,523,4
29,12,2,1,3,2,2,13,42,1,2,3,0,0,20,1,42,524,1
43,12,1,1,2,2,2,12,38,1,1,1,1,1,38,1,38,525,3
35,13,1,1,2,2,1,11,40,1,1,2,0,1,#NULL!,0,#NULL!,526,2
36,14,2,1,3,2,3,11,43,1,0,3,1,1,50,1,43,527,2
29,16,1,3,3,2,2,15,55,1,0,2,1,1,55,1,48,528,1
24,11,2,0,2,2,1,3,38,1,0,2,0,#NULL!,#NULL!,#NULL!,#NULL!,529,1
53,15,2,1,1,1,3,16,40,1,3,2,1,1,40,1,40,530,4
37,12,2,1,1,1,2,15,50,1,1,2,0,#NULL!,#NULL!,#NULL!,#NULL!,531,2
46,12,2,1,1,1,4,15,48,1,3,2,1,1,55,1,48,532,3
39,12,1,1,1,1,2,17,40,1,3,1,0,#NULL!,#NULL!,#NULL!,#NULL!,533,2
60,12,1,1,3,2,1,4,56,1,3,2,0,#NULL!,#NULL!,#NULL!,#NULL!,534,4
28,12,1,1,1,1,3,18,56,1,4,2,0,#NULL!,#NULL!,#NULL!,#NULL!,535,1
58,12,1,1,1,1,2,16,45,1,2,1,0,1,#NULL!,0,#NULL!,536,4
51,12,1,1,2,2,3,17,52,1,0,2,1,1,52,1,45,537,4
50,16,2,3,1,1,4,18,40,1,0,1,1,1,40,1,40,538,4
58,8,1,0,2,2,1,1,41,1,0,2,0,#NULL!,#NULL!,#NULL!,#NULL!,539,4
34,12,2,1,1,1,2,15,40,1,2,1,0,#NULL!,#NULL!,#NULL!,#NULL!,540,2
33,12,1,1,3,2,4,18,46,1,2,3,0,1,46,0,30,541,2
42,12,1,1,2,2,3,14,40,1,5,5,1,1,40,1,32,542,3
45,15,1,1,1,1,2,15,65,1,4,2,0,#NULL!,#NULL!,#NULL!,#NULL!,543,3
32,12,2,1,2,2,3,13,48,1,3,2,1,1,45,1,48,544,2
29,12,1,1,2,2,4,21,80,1,1,1,0,1,80,0,24,545,1
23,12,1,1,1,1,1,10,51,1,4,2,0,1,#NULL!,0,#NULL!,546,1
42,12,1,1,1,1,2,17,42,1,3,2,0,1,#NULL!,0,#NULL!,547,3
28,12,1,1,1,1,1,8,40,1,3,2,0,1,40,0,25,548,1
35,12,1,1,2,2,1,12,40,1,0,1,0,1,#NULL!,0,#NULL!,549,2
45,14,2,2,1,1,3,16,50,1,0,1,0,#NULL!,#NULL!,#NULL!,#NULL!,550,3
54,16,2,3,2,2,4,0,70,1,0,9,0,#NULL!,#NULL!,#NULL!,#NULL!,551,4
58,16,1,3,1,1,4,21,50,1,1,2,0,#NULL!,#NULL!,#NULL!,#NULL!,552,4
58,16,1,4,1,1,4,21,70,1,2,2,0,1,#NULL!,0,#NULL!,553,4
67,16,2,3,1,1,4,14,46,1,3,2,0,0,25,1,46,554,4
44,12,2,1,2,2,1,12,40,1,0,3,0,#NULL!,#NULL!,#NULL!,#NULL!,555,3
30,14,1,1,1,1,2,17,45,1,0,1,0,#NULL!,#NULL!,#NULL!,#NULL!,556,2
34,16,2,3,4,2,2,15,35,1,2,2,0,#NULL!,#NULL!,#NULL!,#NULL!,557,2
45,13,1,1,3,2,2,17,48,1,3,2,0,#NULL!,#NULL!,#NULL!,#NULL!,558,3
47,12,1,1,3,2,3,18,40,1,0,2,0,#NULL!,#NULL!,#NULL!,#NULL!,559,3
31,12,2,1,1,1,4,16,40,1,5,3,1,1,40,1,40,560,2
25,16,1,3,2,2,3,17,40,1,0,2,0,1,#NULL!,0,#NULL!,561,1
40,12,1,1,1,1,2,12,40,1,1,2,0,#NULL!,#NULL!,#NULL!,#NULL!,562,3
49,12,2,1,2,2,2,15,40,1,3,2,0,#NULL!,#NULL!,#NULL!,#NULL!,563,3
42,13,1,1,3,2,4,20,50,1,0,4,0,1,#NULL!,0,#NULL!,564,3
42,10,2,0,2,2,1,7,40,1,1,2,0,0,#NULL!,1,#NULL!,565,3
29,9,1,0,3,2,1,14,40,1,1,2,0,1,#NULL!,0,#NULL!,566,1
26,13,2,1,2,2,3,9,40,1,1,3,1,1,60,1,40,567,1
60,14,1,2,2,2,1,9,40,1,1,1,0,#NULL!,#NULL!,#NULL!,#NULL!,568,4
25,14,2,1,1,1,1,12,40,1,0,2,0,#NULL!,#NULL!,#NULL!,#NULL!,569,1
44,17,1,3,2,2,2,17,35,1,2,1,0,1,#NULL!,0,#NULL!,570,3
38,12,1,1,1,1,3,16,50,1,0,3,0,1,#NULL!,0,#NULL!,571,2
34,18,2,4,1,1,4,16,45,1,2,1,1,1,45,1,45,572,2
49,16,2,3,1,1,2,17,40,1,2,1,0,#NULL!,#NULL!,#NULL!,#NULL!,573,3
33,19,1,4,1,1,2,11,40,1,0,2,1,1,40,1,32,574,2
55,16,2,3,2,2,4,10,80,1,2,2,1,1,60,1,80,575,4
21,12,1,1,2,2,4,10,40,1,0,2,0,#NULL!,#NULL!,#NULL!,#NULL!,576,1
36,17,1,3,2,2,3,16,40,1,4,2,1,1,40,1,40,577,2
31,12,1,1,2,2,3,14,40,1,0,2,1,1,40,1,40,578,2
47,12,1,1,1,1,4,21,50,1,4,2,0,1,#NULL!,0,#NULL!,579,3
38,8,1,0,3,2,1,10,36,1,9,1,0,#NULL!,#NULL!,#NULL!,#NULL!,580,2
49,7,1,0,1,1,1,12,30,1,0,1,0,#NULL!,#NULL!,#NULL!,#NULL!,581,3
39,12,2,1,1,1,3,13,65,1,3,2,0,#NULL!,#NULL!,#NULL!,#NULL!,582,2
24,11,1,0,2,2,2,11,38,1,0,2,1,1,38,1,40,583,1
37,12,1,1,2,2,2,14,50,1,3,2,1,1,50,1,55,584,2
40,12,2,1,1,1,1,13,40,1,4,2,0,#NULL!,#NULL!,#NULL!,#NULL!,585,3
26,14,1,2,2,2,2,13,50,1,0,3,0,#NULL!,#NULL!,#NULL!,#NULL!,586,1
33,13,2,1,2,2,1,10,40,1,0,3,0,#NULL!,#NULL!,#NULL!,#NULL!,587,2
50,12,2,1,3,2,2,16,40,1,2,2,0,#NULL!,#NULL!,#NULL!,#NULL!,588,4
46,14,1,1,1,1,3,15,40,1,4,3,1,1,40,1,48,589,3
60,13,1,2,1,1,3,15,40,1,4,2,1,1,40,1,40,590,4
29,16,2,3,1,1,2,15,52,1,3,4,0,#NULL!,#NULL!,#NULL!,#NULL!,591,1
28,17,1,1,2,2,4,15,75,1,4,3,0,#NULL!,#NULL!,#NULL!,#NULL!,592,1
29,16,1,3,1,1,2,16,40,1,0,2,0,#NULL!,#NULL!,#NULL!,#NULL!,593,1
46,14,2,2,1,1,4,11,40,1,2,1,1,1,40,1,40,594,3
47,16,2,3,1,1,4,14,5,1,2,1,0,#NULL!,#NULL!,#NULL!,#NULL!,595,3
36,8,1,0,1,1,1,10,48,1,0,2,1,1,48,1,40,596,2
37,10,1,1,2,2,2,14,40,1,1,2,1,1,40,1,40,597,2
25,13,2,1,1,1,2,14,43,1,2,2,0,#NULL!,#NULL!,#NULL!,#NULL!,598,1
40,18,1,4,1,1,4,19,80,1,1,2,1,1,80,1,40,599,3
33,13,2,1,3,2,1,12,8,1,1,2,0,#NULL!,#NULL!,#NULL!,#NULL!,600,2
39,12,2,1,2,2,3,17,72,1,1,2,1,1,40,1,72,601,2
33,14,2,1,1,1,2,10,40,1,1,2,1,1,40,1,40,602,2
26,12,1,1,2,2,2,14,58,1,3,2,1,1,58,1,40,603,1
28,12,2,1,2,2,1,13,40,1,2,2,0,#NULL!,#NULL!,#NULL!,#NULL!,604,1
29,15,2,1,1,1,1,0,55,1,3,2,0,#NULL!,#NULL!,#NULL!,#NULL!,605,1
33,16,1,3,3,2,2,15,40,1,1,2,0,1,#NULL!,0,#NULL!,606,2
35,17,1,4,1,1,2,15,50,1,2,2,0,#NULL!,#NULL!,#NULL!,#NULL!,607,2
49,15,2,1,1,1,4,22,45,1,3,2,1,1,45,1,45,608,3
35,9,1,1,3,2,2,15,50,1,0,1,0,#NULL!,#NULL!,#NULL!,#NULL!,609,2
46,14,1,2,3,2,4,22,58,1,2,2,1,1,58,1,40,610,3
42,11,1,0,2,2,1,6,40,1,0,2,0,1,#NULL!,0,#NULL!,611,3
23,14,1,1,1,1,1,13,50,1,4,2,0,1,#NULL!,0,#NULL!,612,1
37,13,1,1,1,1,3,12,80,1,0,2,1,1,80,1,80,613,2
34,14,1,1,1,1,2,16,40,1,0,1,0,#NULL!,#NULL!,#NULL!,#NULL!,614,2
26,14,1,1,3,2,3,13,50,1,0,2,0,#NULL!,#NULL!,#NULL!,#NULL!,615,1
31,20,1,4,1,1,4,21,89,1,3,2,0,#NULL!,#NULL!,#NULL!,#NULL!,616,2
53,18,2,4,1,1,4,18,40,1,2,2,1,1,45,1,40,617,4
25,12,1,1,2,2,1,12,43,1,4,2,1,1,43,1,40,618,1
37,13,2,1,2,2,3,13,40,1,0,2,1,1,45,1,40,619,2
58,14,1,1,1,1,1,11,65,1,1,1,0,1,#NULL!,0,#NULL!,620,4
25,16,2,3,1,1,4,11,50,1,0,1,0,#NULL!,#NULL!,#NULL!,#NULL!,621,1
33,10,1,0,1,1,2,14,55,1,4,1,1,1,55,1,40,622,2
41,15,2,1,1,1,4,19,48,1,3,3,1,1,72,1,48,623,3
30,12,1,1,2,2,2,10,40,1,4,3,0,1,40,0,25,624,2
59,12,1,1,2,2,2,13,70,1,1,1,0,#NULL!,#NULL!,#NULL!,#NULL!,625,4
33,14,1,1,2,2,1,13,60,1,3,2,0,#NULL!,#NULL!,#NULL!,#NULL!,626,2
46,20,2,4,2,2,3,19,60,1,5,2,0,#NULL!,#NULL!,#NULL!,#NULL!,627,3
25,17,1,1,1,1,3,13,45,1,3,2,1,1,45,1,40,628,1
36,16,1,3,2,2,4,20,70,1,0,2,1,1,70,1,40,629,2
47,12,1,1,2,2,1,13,55,1,9,1,0,#NULL!,#NULL!,#NULL!,#NULL!,630,3
28,10,1,0,2,2,1,9,40,1,9,2,0,#NULL!,#NULL!,#NULL!,#NULL!,631,1
28,12,2,1,1,1,1,6,40,1,0,3,0,#NULL!,#NULL!,#NULL!,#NULL!,632,1
40,12,2,1,2,2,1,12,40,1,4,2,0,#NULL!,#NULL!,#NULL!,#NULL!,633,3
35,15,1,1,1,1,1,4,50,1,3,2,0,#NULL!,#NULL!,#NULL!,#NULL!,634,2
63,16,2,3,4,2,2,16,40,1,0,2,0,0,30,1,40,635,4
49,14,2,1,2,2,1,11,40,1,0,3,0,#NULL!,#NULL!,#NULL!,#NULL!,636,3
35,14,1,2,2,2,1,13,50,1,1,3,0,#NULL!,#NULL!,#NULL!,#NULL!,637,2
32,16,1,1,1,1,1,8,42,1,1,2,0,#NULL!,#NULL!,#NULL!,#NULL!,638,2
42,19,2,4,2,2,2,13,34,1,0,2,0,#NULL!,#NULL!,#NULL!,#NULL!,639,3
40,15,1,1,2,2,4,22,60,1,3,2,0,#NULL!,#NULL!,#NULL!,#NULL!,640,3
38,13,1,1,2,2,1,10,48,1,0,3,0,#NULL!,#NULL!,#NULL!,#NULL!,641,2
23,13,2,1,2,2,1,5,30,1,0,2,0,#NULL!,#NULL!,#NULL!,#NULL!,642,1
30,12,1,1,4,2,1,9,40,1,3,2,0,#NULL!,#NULL!,#NULL!,#NULL!,643,2
29,12,2,1,3,2,1,12,50,1,2,2,0,#NULL!,#NULL!,#NULL!,#NULL!,644,1
37,13,2,1,2,2,1,10,56,1,2,4,0,#NULL!,#NULL!,#NULL!,#NULL!,645,2
40,12,1,1,1,1,2,12,50,1,1,2,1,1,50,1,40,646,3
29,12,2,1,2,2,3,14,40,1,2,2,1,1,65,1,40,647,1
59,12,1,1,3,2,2,13,40,1,4,2,1,1,40,1,40,648,4
28,18,1,4,1,1,1,0,40,1,2,2,0,#NULL!,#NULL!,#NULL!,#NULL!,649,1
35,18,2,3,2,2,2,17,60,1,0,2,0,0,#NULL!,1,#NULL!,650,2
50,18,2,4,1,1,4,14,35,1,3,1,1,1,50,1,35,651,4
43,16,1,3,2,2,2,16,40,1,5,2,1,1,40,1,41,652,3
39,13,2,1,2,2,3,9,65,1,3,2,1,1,48,1,65,653,2
43,18,2,3,2,2,1,10,30,1,2,2,0,#NULL!,#NULL!,#NULL!,#NULL!,654,3
34,18,1,3,1,1,3,15,60,1,2,2,0,#NULL!,#NULL!,#NULL!,#NULL!,655,2
57,11,2,1,2,2,1,9,40,1,2,4,1,1,40,1,40,656,4
48,14,1,1,2,2,4,22,40,1,1,2,0,#NULL!,#NULL!,#NULL!,#NULL!,657,3
28,16,1,3,2,2,3,11,35,1,0,2,0,#NULL!,#NULL!,#NULL!,#NULL!,658,1
42,18,2,4,2,2,3,19,40,1,3,1,0,#NULL!,#NULL!,#NULL!,#NULL!,659,3
57,20,1,3,1,1,4,21,70,1,0,2,0,1,70,0,35,660,4
55,12,1,1,1,1,1,10,80,1,0,3,0,#NULL!,#NULL!,#NULL!,#NULL!,661,4
35,12,2,1,2,2,3,12,55,1,2,4,1,1,70,1,55,662,2
55,16,2,1,1,1,1,0,40,1,0,2,0,#NULL!,#NULL!,#NULL!,#NULL!,663,4
34,12,1,1,1,1,2,15,65,1,0,1,0,1,#NULL!,0,#NULL!,664,2
21,13,1,0,1,1,2,15,45,1,4,1,0,#NULL!,#NULL!,#NULL!,#NULL!,665,1
32,17,2,3,2,2,1,9,30,1,0,1,0,#NULL!,#NULL!,#NULL!,#NULL!,666,2
28,13,1,1,3,2,2,16,40,1,0,4,0,#NULL!,#NULL!,#NULL!,#NULL!,667,1
24,12,2,1,2,2,1,0,45,1,0,3,1,1,45,1,45,668,1
42,14,2,1,1,1,4,19,40,1,1,2,1,1,40,1,40,669,3
20,12,1,1,2,2,4,0,16,1,0,2,0,#NULL!,#NULL!,#NULL!,#NULL!,670,1
57,17,1,3,3,2,4,20,60,1,3,1,1,1,60,1,40,671,4
53,14,1,2,3,2,4,20,70,1,4,1,0,1,#NULL!,0,#NULL!,672,4
42,16,1,3,1,1,3,19,44,1,2,2,0,1,#NULL!,0,#NULL!,673,3
60,13,1,1,2,2,4,18,60,1,2,2,1,1,60,1,40,674,4
48,16,2,3,3,2,2,15,40,1,4,1,0,#NULL!,#NULL!,#NULL!,#NULL!,675,3
41,16,1,3,1,1,2,9,30,1,2,2,0,1,30,0,25,676,3
34,14,1,2,2,2,2,14,50,1,0,3,0,1,50,0,20,677,2
30,17,1,4,1,1,3,15,40,1,4,2,1,1,40,1,8,678,2
22,12,2,1,2,2,1,1,40,1,5,2,0,#NULL!,#NULL!,#NULL!,#NULL!,679,1
36,13,2,1,2,2,3,10,30,1,0,3,1,1,46,1,30,680,2
38,12,1,1,1,1,2,16,98,1,5,1,0,#NULL!,#NULL!,#NULL!,#NULL!,681,2
29,12,2,1,3,2,1,14,40,1,3,1,0,#NULL!,#NULL!,#NULL!,#NULL!,682,1
43,16,1,3,2,2,3,14,30,1,0,2,1,1,30,1,40,683,3
36,9,1,0,2,2,1,11,44,1,2,2,0,#NULL!,#NULL!,#NULL!,#NULL!,684,2
46,12,2,1,2,2,2,16,40,1,3,2,0,#NULL!,#NULL!,#NULL!,#NULL!,685,3
36,10,1,1,1,1,3,16,47,1,0,2,0,1,#NULL!,0,#NULL!,686,2
46,13,2,1,3,2,1,10,40,1,0,1,0,#NULL!,#NULL!,#NULL!,#NULL!,687,3
50,13,1,1,1,1,3,19,40,1,3,2,0,1,#NULL!,0,#NULL!,688,4
24,16,1,2,2,2,1,11,60,1,0,2,0,#NULL!,#NULL!,#NULL!,#NULL!,689,1
24,16,2,3,1,1,1,13,45,1,4,2,0,#NULL!,#NULL!,#NULL!,#NULL!,690,1
32,18,2,4,1,1,3,0,40,1,2,4,1,1,40,1,40,691,2
29,12,2,1,2,2,1,12,54,1,2,2,0,#NULL!,#NULL!,#NULL!,#NULL!,692,1
37,15,2,1,3,2,1,10,45,1,0,2,0,#NULL!,#NULL!,#NULL!,#NULL!,693,2
37,17,2,3,2,2,2,3,99,1,3,3,1,1,#NULL!,1,#NULL!,694,2
46,12,1,1,2,2,1,14,40,1,4,2,0,#NULL!,#NULL!,#NULL!,#NULL!,695,3
29,12,1,1,2,2,1,8,32,1,1,2,0,#NULL!,#NULL!,#NULL!,#NULL!,696,1
39,16,1,3,1,1,2,16,40,1,0,3,0,#NULL!,#NULL!,#NULL!,#NULL!,697,2
31,15,1,1,2,2,2,16,50,1,0,2,0,1,50,0,22,698,2
31,13,2,1,2,2,1,9,40,1,1,2,0,#NULL!,#NULL!,#NULL!,#NULL!,699,2
55,16,1,3,2,2,4,18,40,1,3,1,1,1,40,1,40,700,4
28,12,1,1,2,2,1,12,40,1,0,2,0,#NULL!,#NULL!,#NULL!,#NULL!,701,1
30,14,2,2,1,1,1,12,45,1,0,1,0,#NULL!,#NULL!,#NULL!,#NULL!,702,2
62,18,2,4,1,1,4,18,60,1,9,1,0,#NULL!,#NULL!,#NULL!,#NULL!,703,4
47,12,1,1,2,2,2,16,40,1,0,1,0,1,#NULL!,0,#NULL!,704,3
51,12,2,1,2,2,1,7,40,1,1,2,0,#NULL!,#NULL!,#NULL!,#NULL!,705,4
35,12,2,1,1,1,3,3,40,1,4,2,1,1,50,1,40,706,2
40,12,2,1,2,2,1,7,48,1,0,2,0,0,#NULL!,1,#NULL!,707,3
38,10,1,0,2,2,1,12,65,1,2,2,0,#NULL!,#NULL!,#NULL!,#NULL!,708,2
47,14,2,1,1,1,2,17,40,1,3,1,0,#NULL!,#NULL!,#NULL!,#NULL!,709,3
36,18,2,4,1,1,2,17,40,1,4,2,0,#NULL!,#NULL!,#NULL!,#NULL!,710,2
54,11,1,0,1,1,3,16,48,1,1,1,0,1,#NULL!,0,#NULL!,711,4
62,8,1,0,2,2,1,10,45,1,5,2,0,1,#NULL!,0,#NULL!,712,4
62,7,1,0,1,1,1,12,50,1,3,2,0,1,#NULL!,0,#NULL!,713,4
20,12,1,1,1,1,2,8,42,1,0,3,0,#NULL!,#NULL!,#NULL!,#NULL!,714,1
33,9,1,1,1,1,1,9,40,1,0,2,1,1,40,1,40,715,2
38,8,2,0,1,1,3,0,44,1,4,1,0,#NULL!,#NULL!,#NULL!,#NULL!,716,2
39,12,1,1,1,1,2,10,45,1,1,2,1,1,45,1,45,717,2
54,16,2,3,1,1,3,18,50,1,4,1,1,1,40,1,50,718,4
49,12,1,1,1,1,4,16,42,1,2,3,1,1,42,1,40,719,3
44,18,1,4,1,1,4,18,60,1,2,2,1,1,60,1,40,720,3
51,6,1,0,2,2,1,9,40,1,0,1,0,#NULL!,#NULL!,#NULL!,#NULL!,721,4
41,12,1,1,2,2,4,19,50,1,3,2,1,1,50,1,40,722,3
30,12,2,1,3,2,1,14,48,1,2,2,0,#NULL!,#NULL!,#NULL!,#NULL!,723,2
31,14,2,2,1,1,3,11,32,1,0,3,1,1,58,1,32,724,2
61,12,1,1,1,1,3,19,45,1,3,2,0,1,#NULL!,0,#NULL!,725,4
42,12,2,1,2,2,2,10,44,1,2,2,1,1,50,1,44,726,3
23,16,2,3,1,1,1,6,55,1,5,2,0,#NULL!,#NULL!,#NULL!,#NULL!,727,1
37,16,1,3,2,2,4,18,55,1,3,2,1,1,55,1,40,728,2
75,8,1,0,2,2,1,5,40,1,3,2,0,#NULL!,#NULL!,#NULL!,#NULL!,729,4
26,17,2,3,2,2,1,10,50,1,2,2,1,1,65,1,50,730,1
44,12,2,1,2,2,1,9,40,1,1,1,0,#NULL!,#NULL!,#NULL!,#NULL!,731,3
38,12,2,1,2,2,1,0,37,1,3,3,1,1,60,1,37,732,2
26,12,1,1,1,1,2,12,45,1,3,2,1,1,45,1,30,733,1
30,12,2,1,2,2,1,0,41,1,4,2,0,#NULL!,#NULL!,#NULL!,#NULL!,734,2
50,12,1,1,1,1,2,15,24,1,2,1,0,#NULL!,#NULL!,#NULL!,#NULL!,735,4
47,12,2,1,2,2,3,14,40,1,0,1,1,1,65,1,40,736,3
58,18,1,4,1,1,4,18,45,1,2,3,0,1,#NULL!,0,#NULL!,737,4
23,16,2,1,1,1,1,0,40,1,0,1,0,#NULL!,#NULL!,#NULL!,#NULL!,738,1
25,17,2,2,2,2,1,13,40,1,4,2,0,#NULL!,#NULL!,#NULL!,#NULL!,739,1
33,17,1,3,2,2,1,14,50,1,3,2,0,1,#NULL!,0,#NULL!,740,2
41,14,2,1,1,1,4,17,48,1,2,2,0,#NULL!,#NULL!,#NULL!,#NULL!,741,3
38,15,2,2,2,2,4,13,30,1,0,2,1,1,40,1,30,742,2
48,12,2,1,2,2,4,15,38,1,4,3,1,1,46,1,38,743,3
47,12,2,1,2,2,2,15,38,1,0,2,0,#NULL!,#NULL!,#NULL!,#NULL!,744,3
28,17,1,4,2,2,4,18,60,1,5,3,1,1,60,1,40,745,1
53,20,1,4,1,1,3,18,50,1,4,2,0,#NULL!,#NULL!,#NULL!,#NULL!,746,4
35,17,1,3,1,1,3,18,40,1,3,2,0,1,#NULL!,0,#NULL!,747,2
